{
  "6OvgRqD3ICY": {
    "time": 84.363954,
    "duration": 455.041,
    "line": 14,
    "timestamp": 1777883017927
  },
  "QME4PMjwtms": {
    "time": 43.60774802288818,
    "duration": 373,
    "line": 2,
    "timestamp": 1777876199359
  },
  "roixz0gd4Ug": {
    "time": 43.60774802288818,
    "duration": 476,
    "line": 1,
    "timestamp": 1777882394911
  },
  "087XVp3JIpk": {
    "time": 26.833644950408935,
    "duration": 592.801,
    "line": 7,
    "timestamp": 1777883062279
  },
  "Psb9g9UxqZs": {
    "time": 0.84375,
    "duration": 743.401,
    "line": 0,
    "timestamp": 1777883026326
  }
}