{
  "6OvgRqD3ICY": {
    "time": 2.69575,
    "duration": 592.801,
    "line": 0,
    "timestamp": 1777888616277
  },
  "QME4PMjwtms": {
    "time": 2.073832897003174,
    "duration": 372.341,
    "line": -1,
    "timestamp": 1777885642205
  },
  "roixz0gd4Ug": {
    "time": 1.6521870514984132,
    "duration": 475.941,
    "line": 0,
    "timestamp": 1777888626279
  },
  "087XVp3JIpk": {
    "time": 2.69575,
    "duration": 592.801,
    "line": 0,
    "timestamp": 1777888616275
  },
  "Psb9g9UxqZs": {
    "time": 252.81776107247924,
    "duration": 744,
    "line": 18,
    "timestamp": 1777894612526
  },
  "zE_byQr9V8E": {
    "time": 255.869115,
    "duration": 390.501,
    "line": 32,
    "timestamp": 1777894625916
  },
  "O9JmoRFlD24": {
    "time": 0.7494160801086426,
    "duration": 888,
    "line": 0,
    "timestamp": 1777894808485
  }
}