{
  "QME4PMjwtms": {
    "time": 2.073832897003174,
    "duration": 372.341,
    "line": -1,
    "timestamp": 1777885642205
  },
  "O9JmoRFlD24": {
    "time": 0.7494160801086426,
    "duration": 888,
    "line": 0,
    "timestamp": 1777894808485
  },
  "7offZ0CIEIM": {
    "time": 50.465582,
    "duration": 737,
    "line": 11,
    "timestamp": 1777958900309
  },
  "Psb9g9UxqZs": {
    "time": 743.394354,
    "duration": 743.394354,
    "line": 47,
    "timestamp": 1777994050937
  },
  "6OvgRqD3ICY": {
    "time": 455.02575,
    "duration": 455.02575,
    "line": 60,
    "timestamp": 1778076688141
  },
  "bDRVjoVn0Fg": {
    "time": 695.7794541029969,
    "duration": 703.961,
    "line": 299,
    "timestamp": 1778158536575
  },
  "087XVp3JIpk": {
    "time": 592.789729,
    "duration": 592.801,
    "line": 64,
    "timestamp": 1778342968629
  },
  "a57XhQ4V6oc": {
    "time": 240.810042,
    "duration": 241,
    "line": -1,
    "timestamp": 1779108905148
  },
  "HcbPtWTn8y4": {
    "time": 5.30820694468689,
    "duration": 700.461,
    "line": -1,
    "timestamp": 1779630567628
  },
  "GOhMh__Z4xI": {
    "time": 2.8709160400543214,
    "duration": 1061.741,
    "line": -1,
    "timestamp": 1779630563265
  },
  "Md-oyBV3HzA": {
    "time": 1.4182499523162841,
    "duration": 188.581,
    "line": -1,
    "timestamp": 1779630570842
  },
  "V5A2D3yhNh4": {
    "time": 2.8409370915527346,
    "duration": 247.621,
    "line": -1,
    "timestamp": 1779630575121
  },
  "bpXqmMk-eLM": {
    "time": 1.3680199103546142,
    "duration": 343.141,
    "line": -1,
    "timestamp": 1779630578178
  }
}