{
  "QME4PMjwtms": {
    "time": 2.073832897003174,
    "duration": 372.341,
    "line": -1,
    "timestamp": 1777885642205
  },
  "O9JmoRFlD24": {
    "time": 0.7494160801086426,
    "duration": 888,
    "line": 0,
    "timestamp": 1777894808485
  },
  "7offZ0CIEIM": {
    "time": 52.33062321362305,
    "duration": 736.561,
    "line": -1,
    "timestamp": 1779806859663
  },
  "Psb9g9UxqZs": {
    "time": 743.394354,
    "duration": 743.394354,
    "line": 47,
    "timestamp": 1777994050937
  },
  "6OvgRqD3ICY": {
    "time": 455.02575,
    "duration": 455.02575,
    "line": 60,
    "timestamp": 1778076688141
  },
  "bDRVjoVn0Fg": {
    "time": 695.7794541029969,
    "duration": 703.961,
    "line": 299,
    "timestamp": 1778158536575
  },
  "087XVp3JIpk": {
    "time": 592.789729,
    "duration": 592.801,
    "line": 64,
    "timestamp": 1778342968629
  },
  "a57XhQ4V6oc": {
    "time": 240.810042,
    "duration": 241,
    "line": -1,
    "timestamp": 1779108905148
  },
  "HcbPtWTn8y4": {
    "time": 2.076687,
    "duration": 701,
    "line": 0,
    "timestamp": 1779779795770
  },
  "GOhMh__Z4xI": {
    "time": 104.187187,
    "duration": 1061.741,
    "line": 12,
    "timestamp": 1779868250270
  },
  "Md-oyBV3HzA": {
    "time": 1.4182499523162841,
    "duration": 188.581,
    "line": -1,
    "timestamp": 1779630570842
  },
  "V5A2D3yhNh4": {
    "time": 2.8409370915527346,
    "duration": 247.621,
    "line": -1,
    "timestamp": 1779630575121
  },
  "bpXqmMk-eLM": {
    "time": 1.3318948359680176,
    "duration": 343.141,
    "line": -1,
    "timestamp": 1779792618590
  },
  "1ekCjsFqZqI": {
    "time": 10.008581912261963,
    "duration": 1679.221,
    "line": -1,
    "timestamp": 1779806082675
  },
  "A4lf_H9u4Wg": {
    "time": 9.23508309727478,
    "duration": 902,
    "line": -1,
    "timestamp": 1779792665831
  },
  "uruZnNTInlg": {
    "time": 25.211103961853027,
    "duration": 672.701,
    "line": -1,
    "timestamp": 1779806194764
  },
  "t1cIXNI6fsA": {
    "time": 4.798228998092651,
    "duration": 240.221,
    "line": -1,
    "timestamp": 1779806265525
  },
  "HKxDYuETzJA": {
    "time": 3.5487289046325685,
    "duration": 128.521,
    "line": -1,
    "timestamp": 1779806903592
  }
}