{
  "QME4PMjwtms": {
    "time": 2.073832897003174,
    "duration": 372.341,
    "line": -1,
    "timestamp": 1777885642205
  },
  "O9JmoRFlD24": {
    "time": 0.7494160801086426,
    "duration": 888,
    "line": 0,
    "timestamp": 1777894808485
  },
  "7offZ0CIEIM": {
    "time": 52.33062321362305,
    "duration": 736.561,
    "line": -1,
    "timestamp": 1779806859663
  },
  "Psb9g9UxqZs": {
    "time": 743.394354,
    "duration": 743.394354,
    "line": 47,
    "timestamp": 1777994050937
  },
  "6OvgRqD3ICY": {
    "time": 455.02575,
    "duration": 455.02575,
    "line": 60,
    "timestamp": 1778076688141
  },
  "bDRVjoVn0Fg": {
    "time": 695.7794541029969,
    "duration": 703.961,
    "line": 299,
    "timestamp": 1778158536575
  },
  "087XVp3JIpk": {
    "time": 592.789729,
    "duration": 592.801,
    "line": 64,
    "timestamp": 1778342968629
  },
  "a57XhQ4V6oc": {
    "time": 240.810042,
    "duration": 241,
    "line": -1,
    "timestamp": 1779108905148
  },
  "HcbPtWTn8y4": {
    "time": 3.6918740801086427,
    "duration": 700.461,
    "line": -1,
    "timestamp": 1779900198982
  },
  "GOhMh__Z4xI": {
    "time": 693.6526710534058,
    "duration": 1061.741,
    "line": -1,
    "timestamp": 1779899931286
  },
  "Md-oyBV3HzA": {
    "time": 4.208727931335449,
    "duration": 188.581,
    "line": -1,
    "timestamp": 1779900238921
  },
  "V5A2D3yhNh4": {
    "time": 2.964249,
    "duration": 248,
    "line": -1,
    "timestamp": 1779900390952
  },
  "bpXqmMk-eLM": {
    "time": 1.3318948359680176,
    "duration": 343.141,
    "line": -1,
    "timestamp": 1779792618590
  },
  "1ekCjsFqZqI": {
    "time": 14.049519192642212,
    "duration": 1679.221,
    "line": -1,
    "timestamp": 1779900222617
  },
  "A4lf_H9u4Wg": {
    "time": 10.378916085830689,
    "duration": 901.361,
    "line": -1,
    "timestamp": 1779900225600
  },
  "uruZnNTInlg": {
    "time": 25.211103961853027,
    "duration": 672.701,
    "line": -1,
    "timestamp": 1779806194764
  },
  "t1cIXNI6fsA": {
    "time": 4.798228998092651,
    "duration": 240.221,
    "line": -1,
    "timestamp": 1779806265525
  },
  "HKxDYuETzJA": {
    "time": 3.5487289046325685,
    "duration": 128.521,
    "line": -1,
    "timestamp": 1779806903592
  },
  "HA2jdwoYrjw": {
    "time": 2.1067078416900635,
    "duration": 829.141,
    "line": -1,
    "timestamp": 1779900230323
  },
  "jWmQ_AjENio": {
    "time": 3.81477,
    "duration": 181,
    "line": -1,
    "timestamp": 1779897552552
  },
  "UhqrCQn0kyo": {
    "time": 0.9738948626708984,
    "duration": 906.121,
    "line": -1,
    "timestamp": 1779900241346
  }
}