{
  "QME4PMjwtms": {
    "time": 2.073832897003174,
    "duration": 372.341,
    "line": -1,
    "timestamp": 1777885642205
  },
  "087XVp3JIpk": {
    "time": 0.686437,
    "duration": 592.801,
    "line": 0,
    "timestamp": 1778138862847
  },
  "O9JmoRFlD24": {
    "time": 0.7494160801086426,
    "duration": 888,
    "line": 0,
    "timestamp": 1777894808485
  },
  "bDRVjoVn0Fg": {
    "time": 0.38520806103515626,
    "duration": 703.961,
    "line": 0,
    "timestamp": 1778138880530
  },
  "7offZ0CIEIM": {
    "time": 50.465582,
    "duration": 737,
    "line": 11,
    "timestamp": 1777958900309
  },
  "Psb9g9UxqZs": {
    "time": 743.394354,
    "duration": 743.394354,
    "line": 47,
    "timestamp": 1777994050937
  },
  "3E8E-Qn1CT8": {
    "time": 0.328729,
    "duration": 605.461,
    "line": 0,
    "timestamp": 1778138868595
  },
  "6OvgRqD3ICY": {
    "time": 455.02575,
    "duration": 455.02575,
    "line": 60,
    "timestamp": 1778076688141
  },
  "eVOJsxaclwQ": {
    "time": 1.376645,
    "duration": 397.881,
    "line": 0,
    "timestamp": 1778138876860
  }
}