{
  "6OvgRqD3ICY": {
    "time": 1.603165879837036,
    "duration": 455.041,
    "line": 0,
    "timestamp": 1777966539478
  },
  "QME4PMjwtms": {
    "time": 2.073832897003174,
    "duration": 372.341,
    "line": -1,
    "timestamp": 1777885642205
  },
  "roixz0gd4Ug": {
    "time": 2.8708529828338625,
    "duration": 475.941,
    "line": 0,
    "timestamp": 1778049897191
  },
  "087XVp3JIpk": {
    "time": 6.24443588746643,
    "duration": 592.801,
    "line": 0,
    "timestamp": 1778049884600
  },
  "O9JmoRFlD24": {
    "time": 0.7494160801086426,
    "duration": 888,
    "line": 0,
    "timestamp": 1777894808485
  },
  "bDRVjoVn0Fg": {
    "time": 4.0652499160766595,
    "duration": 704,
    "line": 0,
    "timestamp": 1778049359735
  },
  "7offZ0CIEIM": {
    "time": 50.465582,
    "duration": 737,
    "line": 11,
    "timestamp": 1777958900309
  },
  "DQLcYx6Sqak": {
    "time": 37.541665,
    "duration": 519.221,
    "line": 11,
    "timestamp": 1778049399164
  },
  "Psb9g9UxqZs": {
    "time": 743.394354,
    "duration": 743.394354,
    "line": 47,
    "timestamp": 1777994050937
  },
  "3E8E-Qn1CT8": {
    "time": 72.62852019073486,
    "duration": 605.461,
    "line": 9,
    "timestamp": 1778051285469
  }
}