{
  "QME4PMjwtms": {
    "time": 2.073832897003174,
    "duration": 372.341,
    "line": -1,
    "timestamp": 1777885642205
  },
  "087XVp3JIpk": {
    "time": 203.31743396566773,
    "duration": 592.801,
    "line": 8,
    "timestamp": 1778138349332
  },
  "O9JmoRFlD24": {
    "time": 0.7494160801086426,
    "duration": 888,
    "line": 0,
    "timestamp": 1777894808485
  },
  "bDRVjoVn0Fg": {
    "time": 1.830125,
    "duration": 703.961,
    "line": 0,
    "timestamp": 1778134944764
  },
  "7offZ0CIEIM": {
    "time": 50.465582,
    "duration": 737,
    "line": 11,
    "timestamp": 1777958900309
  },
  "Psb9g9UxqZs": {
    "time": 743.394354,
    "duration": 743.394354,
    "line": 47,
    "timestamp": 1777994050937
  },
  "3E8E-Qn1CT8": {
    "time": 30.886269156402587,
    "duration": 606,
    "line": 4,
    "timestamp": 1778137953529
  },
  "6OvgRqD3ICY": {
    "time": 455.02575,
    "duration": 455.02575,
    "line": 60,
    "timestamp": 1778076688141
  }
}