{
  "6OvgRqD3ICY": {
    "time": 36.355603211715696,
    "duration": 455,
    "line": 7,
    "timestamp": 1777875603574
  },
  "QME4PMjwtms": {
    "time": 43.60774802288818,
    "duration": 373,
    "line": 2,
    "timestamp": 1777876199359
  },
  "roixz0gd4Ug": {
    "time": 43.60774802288818,
    "duration": 373,
    "line": 2,
    "timestamp": 1777876199360
  }
}