{
  "6OvgRqD3ICY": {
    "time": 4.950979022888184,
    "duration": 455.041,
    "line": 0,
    "timestamp": 1777895968913
  },
  "QME4PMjwtms": {
    "time": 2.073832897003174,
    "duration": 372.341,
    "line": -1,
    "timestamp": 1777885642205
  },
  "roixz0gd4Ug": {
    "time": 0.813208,
    "duration": 476,
    "line": 0,
    "timestamp": 1777895676710
  },
  "087XVp3JIpk": {
    "time": 0.789333,
    "duration": 593,
    "line": 0,
    "timestamp": 1777895804576
  },
  "Psb9g9UxqZs": {
    "time": 1.225625,
    "duration": 744,
    "line": 0,
    "timestamp": 1777895687046
  },
  "O9JmoRFlD24": {
    "time": 0.7494160801086426,
    "duration": 888,
    "line": 0,
    "timestamp": 1777894808485
  },
  "bDRVjoVn0Fg": {
    "time": 1.1463949904632569,
    "duration": 704,
    "line": 0,
    "timestamp": 1777896835095
  },
  "7offZ0CIEIM": {
    "time": 52.23820600190735,
    "duration": 737,
    "line": 11,
    "timestamp": 1777910208218
  }
}