{
  "6OvgRqD3ICY": {
    "time": 2.69575,
    "duration": 592.801,
    "line": 0,
    "timestamp": 1777888616277
  },
  "QME4PMjwtms": {
    "time": 2.073832897003174,
    "duration": 372.341,
    "line": -1,
    "timestamp": 1777885642205
  },
  "roixz0gd4Ug": {
    "time": 1.6521870514984132,
    "duration": 475.941,
    "line": 0,
    "timestamp": 1777888626279
  },
  "087XVp3JIpk": {
    "time": 2.69575,
    "duration": 592.801,
    "line": 0,
    "timestamp": 1777888616275
  },
  "Psb9g9UxqZs": {
    "time": 0.7803540133514404,
    "duration": 743.401,
    "line": 0,
    "timestamp": 1777888634382
  }
}